1,google.com
2,youtube.com
3,tmall.com
4,facebook.com
5,baidu.com
6,sohu.com
7,qq.com
8,login.tmall.com
9,taobao.com
10,360.cn
11,wikipedia.org
12,jd.com
13,yahoo.com
14,amazon.com
15,sina.com.cn
16,netflix.com
17,pages.tmall.com
18,weibo.com
19,reddit.com
20,live.com
21,zoom.us
22,vk.com
23,xinhuanet.com
24,okezone.com
25,blogspot.com
26,alipay.com
27,instagram.com
28,csdn.net
29,twitch.tv
30,yahoo.co.jp
31,microsoft.com
32,bing.com
33,bongacams.com
34,tribunnews.com
35,livejasmin.com
36,office.com
37,worldometers.info
38,google.com.hk
39,amazon.co.jp
40,tianya.cn
41,zhanqi.tv
42,twitter.com
43,stackoverflow.com
44,ebay.com
45,naver.com
46,aliexpress.com
47,google.co.in
48,panda.tv
49,chaturbate.com
50,mama.cn
51,apple.com
52,pornhub.com
53,microsoftonline.com
54,imdb.com
55,china.com.cn
56,myshopify.com
57,ok.ru
58,yandex.ru
59,mail.ru
60,msn.com
61,sogou.com
62,adobe.com
63,wordpress.com
64,whatsapp.com
65,imgur.com
66,aparat.com
67,google.co.jp
68,bilibili.com
69,bbc.com
70,huanqiu.com
71,grid.id
72,google.com.br
73,udemy.com
74,nytimes.com
75,yy.com
76,primevideo.com
77,kompas.com
78,fandom.com
79,cnn.com
80,detail.tmall.com
81,detik.com
82,medium.com
83,17ok.com
84,linkedin.com
85,roblox.com
86,xvideos.com
87,google.de
88,dropbox.com
89,amazon.de
90,soso.com
91,spotify.com
92,rakuten.co.jp
93,instructure.com
94,discordapp.com
95,ettoday.net
96,hao123.com
97,soundcloud.com
98,walmart.com
99,amazon.co.uk
100,pixnet.net
101,1688.com
102,jrj.com.cn
103,google.ru
104,gmw.cn
105,github.com
106,amazonaws.com
107,iqoption.com
108,youm7.com
109,google.es
110,stackexchange.com
111,tumblr.com
112,paypal.com
113,indiatimes.com
114,globo.com
115,liputan6.com
116,theguardian.com
117,yao.tmall.com
118,bbc.co.uk
119,savefrom.net
120,nih.gov
121,amazon.in
122,xhamster.com
123,google.it
124,google.fr
125,thestartmagazine.com
126,steamcommunity.com
127,freepik.com
128,google.cn
129,archive.org
130,babytree.com
131,speedtest.net
132,digikala.com
133,mediafire.com
134,cnet.com
135,uol.com.br
136,force.com
137,etsy.com
138,163.com
139,so.com
140,arcgis.com
141,zhihu.com
142,gome.com.cn
143,6.cn
144,washingtonpost.com
145,onlinesbi.com
146,telegram.org
147,y2mate.com
148,iqiyi.com
149,pinterest.com
150,google.com.sg
151,cnblogs.com
152,ltn.com.tw
153,daum.net
154,pixabay.com
155,google.com.tr
156,shutterstock.com
157,nicovideo.jp
158,google.co.uk
159,researchgate.net
160,gamepedia.com
161,canva.com
162,hotstar.com
163,rednet.cn
164,google.com.tw
165,skype.com
166,slideshare.net
167,wikihow.com
168,sindonews.com
169,google.com.mx
170,duckduckgo.com
171,office365.com
172,indeed.com
173,chase.com
174,vimeo.com
175,w3schools.com
176,op.gg
177,ebay.de
178,t.co
179,yts.mx
180,mercadolivre.com.br
181,dailymotion.com
182,itnuzleafan.com
183,nianhuo.tmall.com
184,hulu.com
185,eastday.com
186,redd.it
187,tokopedia.com
188,coursera.org
189,elbalad.news
190,craigslist.org
191,espn.com
192,namnak.com
193,list.tmall.com
194,ladbible.com
195,dostor.org
196,google.com.sa
197,wetransfer.com
198,bukalapak.com
199,xnxx.com
200,softonic.com
201,godaddy.com
202,tradingview.com
203,who.int
204,aliyun.com
205,intuit.com
206,google.com.ar
207,google.com.eg
208,avito.ru
209,cjf25jklrwqt.com
210,blogger.com
211,forbes.com
212,albawabhnews.com
213,salesforce.com
214,scol.com.cn
215,messenger.com
216,itllnww6x277.com
217,subject.tmall.com
218,bestbuy.com
219,hubspot.com
220,disneyplus.com
221,momoshop.com.tw
222,target.com
223,fiaharam.net
224,googlevideo.com
225,nvzhuang.tmall.com
226,youth.cn
227,unsplash.com
228,grammarly.com
229,3c.tmall.com
230,amazon.ca
231,businessinsider.com
232,homedepot.com
233,zendesk.com
234,patch.com
235,foxnews.com
236,zillow.com
237,lazada.sg
238,ask.com
239,kinopoisk.ru
240,ikea.com
241,get-express-vpn.com
242,wellsfargo.com
243,setn.com
244,pornhubpremium.com
245,healthline.com
246,padlet.com
247,line.me
248,google.ca
249,idntimes.com
250,nqrkzcd7ixwr.com
251,kumparan.com
252,mozilla.org
253,quizlet.com
254,tiktok.com
255,manoramaonline.com
256,food.tmall.com
257,google.co.th
258,chouftv.ma
259,douban.com
260,suara.com
261,steampowered.com
262,d72gb9oukw3j.com
263,google.co.id
264,cdc.gov
265,sudannews365.org
266,1337x.to
267,otvfoco.com.br
268,booking.com
269,kapanlagi.com
270,tistory.com
271,taboola.com
272,jqk72ugyl2pz.com
273,khanacademy.org
274,telewebion.com
275,quora.com
276,investing.com
277,miao.tmall.com
278,academia.edu
279,t.me
280,covid19india.org
281,dailymail.co.uk
282,cnbc.com
283,breitbart.com
284,bet365.com
285,fc2.com
286,google.pl
287,jianshu.com
288,jhu.edu
289,allegro.pl
290,uniqlo.tmall.com
291,sciencedirect.com
292,ameblo.jp
293,hdfcbank.com
294,blackboard.com
295,elpais.com
296,wix.com
297,bet9ja.com
298,scribd.com
299,amazon.es
300,amazon.it
301,crabsecret.tmall.com
302,alibaba.com
303,merdeka.com
304,shaparak.ir
305,ndtv.com
306,rambler.ru
307,gfycat.com
308,ebay.co.uk
309,gosuslugi.ru
310,ria.ru
311,aimer.tmall.com
312,myhome.tmall.com
313,lee.tmall.com
314,amazon.fr
315,epttavm.com
316,hespress.com
317,in.gr
318,evernote.com
319,ensonhaber.com
320,twimg.com
321,prothomalo.com
322,aminoapps.com
323,alnaharegypt.com
324,ilovepdf.com
325,geeksforgeeks.org
326,rt.com
327,cnnindonesia.com
328,crunchyroll.com
329,dnevnik.ru
330,cloudfront.net
331,uptodown.com
332,zippyshare.com
333,trendingnow.video
334,flipkart.com
335,aliexpress.ru
336,goodreads.com
337,err.tmall.com
338,reverso.net
339,utorrent.com
340,osskanger.com
341,ivi.ru
342,behance.net
343,ebc.net.tw
344,qoo10.sg
345,nhk.or.jp
346,weebly.com
347,amazon.cn
348,51.la
349,smallpdf.com
350,japanpost.jp
351,wikimedia.org
352,thesaurus.com
353,inquirer.net
354,uselnk.com
355,pinimg.com
356,ebay-kleinanzeigen.de
357,cambridge.org
358,asos.com
359,capitalone.com
360,chess.com
361,biobiochile.cl
362,bloomberg.com
363,spao.tmall.com
364,google.co.kr
365,coinmarketcap.com
366,teamviewer.com
367,cnnic.cn
368,popads.net
369,abs-cbn.com
370,ca.gov
371,kundelik.kz
372,canada.ca
373,kissanime.ru
374,beytoote.com
375,nicsorts-accarade.com
376,okta.com
377,patreon.com
378,jw.org
379,spankbang.com
380,icicibank.com
381,gap.tmall.com
382,eksisozluk.com
383,aol.com
384,usatoday.com
385,ninisite.com
386,neiyi.tmall.com
387,metropoles.com
388,outbrain.com
389,trello.com
390,patria.org.ve
391,reuters.com
392,costco.com
393,mathrubhumi.com
394,google.gr
395,sabq.org
396,bp.blogspot.com
397,wsj.com
398,investopedia.com
399,fiverr.com
400,usps.com
401,lun.com
402,hh010.com
403,sourceforge.net
404,genius.com
405,51sole.com
406,dyson.tmall.com
407,namasha.com
408,fast.com
409,hepsiburada.com
410,doubleclick.net
411,buzzfeed.com
412,nike.com
413,tsetmc.com
414,infobae.com
415,google.com.ua
416,namu.wiki
417,weather.com
418,hp.com
419,nikkei.com
420,mit.edu
421,81.cn
422,hotmart.com
423,deviantart.com
424,xfinity.com
425,gamespot.com
426,wixsite.com
427,stremanp.com
428,google.com.vn
429,chegg.com
430,youporn.com
431,vnexpress.net
432,mercadolibre.com.mx
433,duolingo.com
434,rbc.ru
435,toutiao.com
436,onemboaran.com
437,filimo.com
438,youdao.com
439,edmodo.com
440,alodokter.com
441,deepl.com
442,pulzo.com
443,ultimate-guitar.com
444,npr.org
445,rutracker.org
446,irs.gov
447,win-rar.com
448,sberbank.ru
449,brilio.net
450,dbs.com.sg
451,westernjournal.com
452,lenta.ru
453,rezka.ag
454,intoday.in
455,wondershare.com
456,9gag.com
457,pirate-bay.net
458,samsung.com
459,google.ro
460,sonhoo.com
461,trustpilot.com
462,techradar.com
463,varzesh3.com
464,ign.com
465,divar.ir
466,google.com.au
467,lifo.gr
468,hesterinoc.info
469,lowes.com
470,nypost.com
471,wayfair.com
472,thepiratebay.org
473,ecosia.org
474,norton.com
475,hootsuite.com
476,cnbcindonesia.com
477,dell.com
478,ouo.io
479,livejournal.com
480,playstation.com
481,epicgames.com
482,newtalk.tw
483,hurriyet.com.tr
484,topflownews.com
485,clickfunnels.com
486,google.co.ve
487,mobafire.com
488,gstatic.com
489,edx.org
490,roll20.net
491,gismeteo.ru
492,wildberries.ru
493,marketwatch.com
494,wp.pl
495,chinadaily.com.cn
496,mgid.com
497,wattpad.com
498,go.com
499,narcity.com
500,onet.pl
501,chinaz.com
502,subscene.com
503,theepochtimes.com
504,amazon.com.mx
505,emol.com
506,gmx.net
507,book.tmall.com
508,dmm.co.jp
509,hasil.gov.my
510,news18.com
511,rarbg.to
512,thewhizmarketing.com
513,contehos.com
514,herokuapp.com
515,webmd.com
516,mega.nz
517,huya.com
518,ups.com
519,atlassian.net
520,youku.com
521,heavy.com
522,klix.ba
523,haofang.net
524,coinpayu.com
525,as.com
526,squarespace.com
527,bankofamerica.com
528,lachapelle.tmall.com
529,agah.com
530,ea.com
531,wish.com
532,yeniakit.com.tr
533,indiatoday.in
534,peacebird.tmall.com
535,friv.com
536,moneycontrol.com
537,springer.com
538,hatenablog.com
539,theverge.com
540,eba.gov.tr
541,files.wordpress.com
542,americanas.com.br
543,sozcu.com.tr
544,dagospia.com
545,memurlar.net
546,tutorialspoint.com
547,vidstream.to
548,focus.cn
549,dcard.tw
550,gamer.com.tw
551,kompasiana.com
552,pelisplus.me
553,ebay.com.au
554,citi.com
555,ytmp3.cc
556,jackjones.tmall.com
557,myanimelist.net
558,soft98.ir
559,forever21.tmall.com
560,amazon.com.br
561,fedex.com
562,wordpress.org
563,ofgogoatan.com
564,prezi.com
565,weblio.jp
566,baby.tmall.com
567,wowhead.com
568,gainreel.tmall.com
569,postlnk.com
570,sportbible.com
571,asahi.com
572,souq.com
573,sports.tmall.com
574,seznam.cz
575,kakaku.com
576,google.com.pe
577,wordreference.com
578,oracle.com
579,pixiv.net
580,calvinklein.tmall.com
581,filmix.co
582,discoveryexpedition.tmall.com
583,slickdeals.net
584,coursehero.com
585,mawdoo3.com
586,bbcollab.com
587,ouedkniss.com
588,semir.tmall.com
589,aksam.com.tr
590,vseigru.net
591,sdamgia.ru
592,gmanetwork.com
593,vidstream.online
594,wp.com
595,elcomercio.com
596,wiktionary.org
597,allrecipes.com
598,animeflv.net
599,elyamnelaraby.com
600,cookpad.com
601,surveymonkey.com
602,howtogeek.com
603,tahiamasr.com
604,marksandspencer.tmall.com
605,spzs.com
606,realtor.com
607,argaam.com
608,olx.com.br
609,rediff.com
610,goo.ne.jp
611,google.com.pk
612,slack.com
613,langsha.tmall.com
614,onclicksuper.com
615,cabbeen.tmall.com
616,urfs.tmall.com
617,nike.tmall.com
618,dawn.com
619,battle.net
620,leagueoflegends.com
621,shouji.tmall.com
622,earthmusic.tmall.com
623,liansuo.com
624,google.az
625,topshop.tmall.com
626,mercadolibre.com.ar
627,ny.gov
628,uzone.id
629,shopee.tw
630,tencent.com
631,filehorse.com
632,livedoor.jp
633,feedly.com
634,banggood.com
635,shopee.co.id
636,ku.tmall.com
637,rottentomatoes.com
638,new3c.tmall.com
639,kakao.com
640,efu.com.cn
641,tonlion.tmall.com
642,1377x.to
643,folha.uol.com.br
644,inquisitr.com
645,dickies.tmall.com
646,socialblade.com
647,gusuwang.com
648,nur.kz
649,nvxie.tmall.com
650,google.dz
651,thepirate-bay.org
652,google.cl
653,ekaie.com
654,google.com.co
655,vidstream.kim
656,312168.com
657,hm.com
658,myway.com
659,yenisafak.com
660,probuilds.net
661,digitaltrends.com
662,gogoanime.io
663,emofid.com
664,trontv.com
665,enimerotiko.gr
666,triumph.tmall.com
667,newbalance.tmall.com
668,milliyet.com.tr
669,list-manage.com
670,ih5.cn
671,cima4u.tv
672,scofield.tmall.com
673,mileroticos.com
674,hltv.org
675,asus.com
676,mofidonline.com
677,orange.fr
678,td.com
679,nyaa.si
680,marca.com
681,jia.tmall.com
682,4chan.org
683,nvidia.com
684,repubblica.it
685,nanxie.tmall.com
686,malavida.com
687,kinokrad.co
688,freecodecamp.org
689,elwatannews.com
690,91jm.com
691,chron.com
692,gamersky.com
693,free.fr
694,jamnews.com
695,nintendo.com
696,maniform.tmall.com
697,hamariweb.com
698,ceconline.com
699,poki.com
700,khtahmar.com
701,elsevier.com
702,livemint.com
703,schoology.com
704,cdninstagram.com
705,udn.com
706,threegun.tmall.com
707,webex.com
708,olx.ua
709,sci-hub.tw
710,3dmgame.com
711,biblegateway.com
712,google.co.za
713,hollisterco.tmall.com
714,lafuma.tmall.com
715,quizizz.com
716,livedoor.com
717,nownews.com
718,emojipedia.org
719,banvenez.com
720,bag.tmall.com
721,blizzard.com
722,kinogo.by
723,zol.com.cn
724,mheducation.com
725,y8.com
726,wwe.com
727,gds.it
728,umeng.com
729,gucn.tmall.com
730,fancialeldak.site
731,urdupoint.com
732,mfisp.com
733,uptobox.com
734,esprit.tmall.com
735,bitly.com
736,harvard.edu
737,dw.com
738,dalfak.com
739,google.be
740,akamaized.net
741,gsmarena.com
742,cpic.com.cn
743,4movierulz.com
744,vidio.com
745,tandfonline.com
746,58.com
747,motor1.com
748,baskino.me
749,minecraft.net
750,car.tmall.com
751,nbcnews.com
752,tempo.co
753,kaskus.co.id
754,rokna.net
755,securedt-smrt.com
756,pchome.com.tw
757,imis.tmall.com
758,abril.com.br
759,zxxk.com
760,hawaaworld.com
761,honeys.tmall.com
762,ptt.cc
763,lining.tmall.com
764,septwolves.tmall.com
765,att.com
766,modernweekly.com
767,checking-your-browser.com
768,over-blog.com
769,indiamart.com
770,rsalcau.com
771,merriam-webster.com
772,kolonsport.tmall.com
773,dcinside.com
774,noticias.uol.com.br
775,anta.tmall.com
776,abcnews.go.com
777,seasonvar.ru
778,leboncoin.fr
779,basichouse.tmall.com
780,jeanswest.tmall.com
781,rg.ru
782,issuu.com
783,segmentfault.com
784,t-online.de
785,bhaskar.com
786,parlgate.com
787,tripadvisor.com
788,newegg.com
789,douyu.com
790,nanzhuang.tmall.com
791,powerapp.download
792,punchng.com
793,dai.tmall.com
794,bershka.tmall.com
795,google.nl
796,europa.eu
797,redtube.com
798,web.de
799,strava.com
800,kickstarter.com
801,fairwhale.tmall.com
802,interia.pl
803,xbox.com
804,wired.com
805,addthis.com
806,flickr.com
807,cinecalidad.to
808,waynedupree.com
809,xianjichina.com
810,online-convert.com
811,it.tmall.com
812,cuevana3.io
813,ibicn.com
814,smm.cn
815,iyiou.com
816,wt.tmall.com
817,box.com
818,sputniknews.com
819,medicalnewstoday.com
820,giphy.com
821,britannica.com
822,gaana.com
823,google.at
824,baike.com
825,hindustantimes.com
826,jagonews24.com
827,yjc.ir
828,blog.jp
829,pngtree.com
830,librus.pl
831,newstrend.news
832,thehindu.com
833,gongchang.com
834,telegraph.co.uk
835,uchi.ru
836,accuweather.com
837,gjirafa.com
838,abc.net.au
839,msi.com
840,kp.ru
841,huffpost.com
842,sdpnoticias.com
843,alwakeelnews.com
844,eland.tmall.com
845,clarin.com
846,americanexpress.com
847,worldoftanks.eu
848,gyazo.com
849,ukr.net
850,wiley.com
851,aizhan.com
852,nexusmods.com
853,torrentz2.eu
854,urbandictionary.com
855,dmm.com
856,timeanddate.com
857,moneyforward.com
858,gearbest.com
859,neobux.com
860,fbdown.net
861,onlyfans.com
862,exoclick.com
863,srvtrck.com
864,thebestgame2020.com
865,bmps.xyz
866,104.com.tw
867,pcgamer.com
868,szu.edu.cn
869,zoho.com
870,fun48.com
871,mydramalist.com
872,v2ex.com
873,indosport.com
874,caixa.gov.br
875,thingiverse.com
876,jpnn.com
877,elmundo.es
878,beeg.com
879,discogs.com
880,2m.ma
881,tomsguide.com
882,mellowads.com
883,zougla.gr
884,kissasian.sh
885,mailchimp.com
886,filehippo.com
887,futbin.com
888,getintopc.com
889,neoldu.com
890,asriran.com
891,manyvids.com
892,phimmoi.net
893,farfetch.com
894,mhlw.go.jp
895,kalerkantho.com
896,nairaland.com
897,louisvuitton.com
898,entrepreneur.com
899,mos.ru
900,plex.tv
901,indozone.id
902,about.google
903,coupang.com
904,skroutz.gr
905,cyberleninka.ru
906,audible.com
907,riotgames.com
908,bhphotovideo.com
909,shein.com
910,bild.de
911,3sk.co
912,cointiply.com
913,themeforest.net
914,chip.de
915,e-gov.az
916,listindiario.com
917,dreamstime.com
918,kompas.tv
919,kizlarsoruyor.com
920,consultant.ru
921,19888.tv
922,google.ch
923,lifewire.com
924,simpleflying.com
925,thefreedictionary.com
926,banma.com
927,axisbank.co.in
928,ojooo.com
929,258.com
930,redfin.com
931,ted.com
932,avast.com
933,statista.com
934,huawei.com
935,fararu.com
936,somoynews.tv
937,mynet.com
938,winshang.com
939,pantip.com
940,spiegel.de
941,time.com
942,lemonde.fr
943,ozon.ru
944,atlassian.com
945,corriere.it
946,flightradar24.com
947,fidelity.com
948,daxuecidian.com
949,bankmellat.ir
950,indiaglitz.com
951,adoptapet.com
952,dream.co.id
953,verified-extensions.com
954,bluestacks.com
955,internetdownloadmanager.com
956,zee5.com
957,dictionary.com
958,loom.com
959,nexon.com
960,qiannaimei.tmall.com
961,crentgate.com
962,sch.gr
963,turkiye.gov.tr
964,5ch.net
965,elmogaz.com
966,churchofjesuschrist.org
967,zingnews.vn
968,olx.pl
969,spanishdict.com
970,google.com.my
971,rakuten-bank.co.jp
972,eenadu.net
973,iherb.com
974,lenovo.com
975,dikaiologitika.gr
976,sabah.com.tr
977,google.pt
978,curseforge.com
979,jnu.edu.cn
980,macys.com
981,chaduo.com
982,home77.com
983,storm.mg
984,ft.com
985,xe.com
986,hi.ru
987,depositphotos.com
988,mseav.com
989,polygon.com
990,popcash.net
991,bzw315.com
992,epwk.com
993,it168.com
994,crhoy.com
995,drom.ru
996,pcbaby.com.cn
997,visualstudio.com
998,cdstm.cn
999,oschina.net
1000,360doc.com
